-- MySQL Script generated by MySQL Workbench
-- Thu Nov 23 00:29:46 2017
-- Model: New Model    Version: 1.0
-- MySQL Workbench Forward Engineering

SET @OLD_UNIQUE_CHECKS=@@UNIQUE_CHECKS, UNIQUE_CHECKS=0;
SET @OLD_FOREIGN_KEY_CHECKS=@@FOREIGN_KEY_CHECKS, FOREIGN_KEY_CHECKS=0;
SET @OLD_SQL_MODE=@@SQL_MODE, SQL_MODE='TRADITIONAL,ALLOW_INVALID_DATES';

-- -----------------------------------------------------
-- Schema mydb
-- -----------------------------------------------------

-- -----------------------------------------------------
-- Schema mydb
-- -----------------------------------------------------
CREATE SCHEMA IF NOT EXISTS `mydb` DEFAULT CHARACTER SET utf8 ;
SHOW WARNINGS;
USE `mydb` ;

-- -----------------------------------------------------
-- Table `mydb`.`address`
-- -----------------------------------------------------
DROP TABLE IF EXISTS `mydb`.`address` ;

SHOW WARNINGS;
CREATE TABLE IF NOT EXISTS `mydb`.`address` (
  `id` INT(10) NOT NULL,
  `zip_code` VARCHAR(45) NOT NULL,
  `street` VARCHAR(45) NOT NULL,
  `house_number` VARCHAR(45) NOT NULL,
  `city` VARCHAR(45) NOT NULL,
  `customers_id` INT(10) NOT NULL,
  `complementary` TEXT NULL,
  PRIMARY KEY (`id`),
  CONSTRAINT `fk_address_customers2`
    FOREIGN KEY (`customers_id`)
    REFERENCES `mydb`.`customers` (`id`)
    ON DELETE NO ACTION
    ON UPDATE NO ACTION)
ENGINE = InnoDB;

SHOW WARNINGS;
CREATE INDEX `fk_address_customers2_idx` ON `mydb`.`address` (`customers_id` ASC);

SHOW WARNINGS;

-- -----------------------------------------------------
-- Table `mydb`.`customers`
-- -----------------------------------------------------
DROP TABLE IF EXISTS `mydb`.`customers` ;

SHOW WARNINGS;
CREATE TABLE IF NOT EXISTS `mydb`.`customers` (
  `id` INT(10) NOT NULL,
  `first_name` VARCHAR(45) NOT NULL,
  `last_name` VARCHAR(45) NOT NULL,
  `phone_number` VARCHAR(45) NOT NULL,
  `email` VARCHAR(255) NOT NULL,
  `main_address_id` INT(10) NOT NULL,
  PRIMARY KEY (`id`),
  CONSTRAINT `fk_customers_address1`
    FOREIGN KEY (`main_address_id`)
    REFERENCES `mydb`.`address` (`customers_id`)
    ON DELETE NO ACTION
    ON UPDATE NO ACTION)
ENGINE = InnoDB;

SHOW WARNINGS;
CREATE INDEX `fk_customers_address1_idx` ON `mydb`.`customers` (`main_address_id` ASC);

SHOW WARNINGS;

-- -----------------------------------------------------
-- Table `mydb`.`delivery_team`
-- -----------------------------------------------------
DROP TABLE IF EXISTS `mydb`.`delivery_team` ;

SHOW WARNINGS;
CREATE TABLE IF NOT EXISTS `mydb`.`delivery_team` (
  `id` INT(10) NOT NULL,
  `first_name` VARCHAR(45) NOT NULL,
  `last_name` VARCHAR(45) NOT NULL,
  `phone_number` VARCHAR(45) NOT NULL,
  `status` SMALLINT NOT NULL COMMENT 'Status information:\n 0 : Available\n 1 : In delivery\n 2 : Not Working',
  PRIMARY KEY (`id`))
ENGINE = InnoDB;

SHOW WARNINGS;

-- -----------------------------------------------------
-- Table `mydb`.`dish`
-- -----------------------------------------------------
DROP TABLE IF EXISTS `mydb`.`dish` ;

SHOW WARNINGS;
CREATE TABLE IF NOT EXISTS `mydb`.`dish` (
  `id` INT NOT NULL,
  `name` VARCHAR(45) NOT NULL,
  `category` VARCHAR(45) NOT NULL,
  `price` DECIMAL NOT NULL,
  `description` TEXT NOT NULL,
  `menu_id` INT NOT NULL,
  PRIMARY KEY (`id`))
ENGINE = InnoDB;

SHOW WARNINGS;

-- -----------------------------------------------------
-- Table `mydb`.`menu`
-- -----------------------------------------------------
DROP TABLE IF EXISTS `mydb`.`menu` ;

SHOW WARNINGS;
CREATE TABLE IF NOT EXISTS `mydb`.`menu` (
  `id` INT(10) NOT NULL,
  `date` DATE NOT NULL,
  `dish_1_id` INT(10) NOT NULL,
  `dish_2_id` INT(10) NOT NULL,
  `dessert_1_id` INT(10) NOT NULL,
  `dessert_2_id` INT(10) NOT NULL,
  PRIMARY KEY (`id`),
  CONSTRAINT `fk_menu_dish1`
    FOREIGN KEY (`dish_1_id`)
    REFERENCES `mydb`.`dish` (`id`)
    ON DELETE NO ACTION
    ON UPDATE NO ACTION,
  CONSTRAINT `fk_menu_dish2`
    FOREIGN KEY (`dish_2_id`)
    REFERENCES `mydb`.`dish` (`id`)
    ON DELETE NO ACTION
    ON UPDATE NO ACTION,
  CONSTRAINT `fk_menu_dish3`
    FOREIGN KEY (`dessert_1_id`)
    REFERENCES `mydb`.`dish` (`id`)
    ON DELETE NO ACTION
    ON UPDATE NO ACTION,
  CONSTRAINT `fk_menu_dish4`
    FOREIGN KEY (`dessert_2_id`)
    REFERENCES `mydb`.`dish` (`id`)
    ON DELETE NO ACTION
    ON UPDATE NO ACTION)
ENGINE = InnoDB;

SHOW WARNINGS;
CREATE INDEX `fk_menu_dish1_idx` ON `mydb`.`menu` (`dish_1_id` ASC);

SHOW WARNINGS;
CREATE INDEX `fk_menu_dish2_idx` ON `mydb`.`menu` (`dish_2_id` ASC);

SHOW WARNINGS;
CREATE INDEX `fk_menu_dish3_idx` ON `mydb`.`menu` (`dessert_1_id` ASC);

SHOW WARNINGS;
CREATE INDEX `fk_menu_dish4_idx` ON `mydb`.`menu` (`dessert_2_id` ASC);

SHOW WARNINGS;

-- -----------------------------------------------------
-- Table `mydb`.`orders`
-- -----------------------------------------------------
DROP TABLE IF EXISTS `mydb`.`orders` ;

SHOW WARNINGS;
CREATE TABLE IF NOT EXISTS `mydb`.`orders` (
  `id` INT(10) NOT NULL,
  `customers_id` INT(10) NOT NULL,
  `delivery_team_id` INT NULL,
  `menu_id` INT(10) NOT NULL,
  `address_id` INT(10) NOT NULL,
  `order_date_time` DATETIME NOT NULL,
  PRIMARY KEY (`id`),
  CONSTRAINT `fk_orders_customers1`
    FOREIGN KEY (`customers_id`)
    REFERENCES `mydb`.`customers` (`id`)
    ON DELETE NO ACTION
    ON UPDATE NO ACTION,
  CONSTRAINT `fk_orders_delivery_team1`
    FOREIGN KEY (`delivery_team_id`)
    REFERENCES `mydb`.`delivery_team` (`id`)
    ON DELETE NO ACTION
    ON UPDATE NO ACTION,
  CONSTRAINT `fk_orders_menu1`
    FOREIGN KEY (`menu_id`)
    REFERENCES `mydb`.`menu` (`id`)
    ON DELETE NO ACTION
    ON UPDATE NO ACTION,
  CONSTRAINT `fk_orders_address1`
    FOREIGN KEY (`address_id`)
    REFERENCES `mydb`.`address` (`id`)
    ON DELETE NO ACTION
    ON UPDATE NO ACTION)
ENGINE = InnoDB;

SHOW WARNINGS;
CREATE INDEX `fk_orders_customers1_idx` ON `mydb`.`orders` (`customers_id` ASC);

SHOW WARNINGS;
CREATE INDEX `fk_orders_delivery_team1_idx` ON `mydb`.`orders` (`delivery_team_id` ASC);

SHOW WARNINGS;
CREATE INDEX `fk_orders_menu1_idx` ON `mydb`.`orders` (`menu_id` ASC);

SHOW WARNINGS;
CREATE INDEX `fk_orders_address1_idx` ON `mydb`.`orders` (`address_id` ASC);

SHOW WARNINGS;

-- -----------------------------------------------------
-- Table `mydb`.`orders_has_dish`
-- -----------------------------------------------------
DROP TABLE IF EXISTS `mydb`.`orders_has_dish` ;

SHOW WARNINGS;
CREATE TABLE IF NOT EXISTS `mydb`.`orders_has_dish` (
  `orders_id` INT(10) NOT NULL,
  `dish_id` INT(10) NOT NULL,
  CONSTRAINT `fk_orders_has_dish_orders1`
    FOREIGN KEY (`orders_id`)
    REFERENCES `mydb`.`orders` (`id`)
    ON DELETE NO ACTION
    ON UPDATE NO ACTION,
  CONSTRAINT `fk_orders_has_dish_dish1`
    FOREIGN KEY (`dish_id`)
    REFERENCES `mydb`.`dish` (`id`)
    ON DELETE NO ACTION
    ON UPDATE NO ACTION)
ENGINE = InnoDB;

SHOW WARNINGS;
CREATE INDEX `fk_orders_has_dish_dish1_idx` ON `mydb`.`orders_has_dish` (`dish_id` ASC);

SHOW WARNINGS;
CREATE INDEX `fk_orders_has_dish_orders1_idx` ON `mydb`.`orders_has_dish` (`orders_id` ASC);

SHOW WARNINGS;

SET SQL_MODE=@OLD_SQL_MODE;
SET FOREIGN_KEY_CHECKS=@OLD_FOREIGN_KEY_CHECKS;
SET UNIQUE_CHECKS=@OLD_UNIQUE_CHECKS;

-- -----------------------------------------------------
-- Data for table `mydb`.`delivery_team`
-- -----------------------------------------------------
START TRANSACTION;
USE `mydb`;
INSERT INTO `mydb`.`delivery_team` (`id`, `first_name`, `last_name`, `phone_number`, `status`) VALUES (981, '\'John\'', '\'Smith\'', '878968755', 0);
INSERT INTO `mydb`.`delivery_team` (`id`, `first_name`, `last_name`, `phone_number`, `status`) VALUES (983, '\'Dario\'', '\'Colah\'', '876768765', 1);
INSERT INTO `mydb`.`delivery_team` (`id`, `first_name`, `last_name`, `phone_number`, `status`) VALUES (1903, '\'Tom\'', '\'Vandeverde\'', '857647544', 2);

COMMIT;


-- -----------------------------------------------------
-- Data for table `mydb`.`dish`
-- -----------------------------------------------------
START TRANSACTION;
USE `mydb`;
INSERT INTO `mydb`.`dish` (`id`, `name`, `category`, `price`, `description`, `menu_id`) VALUES (222, '\'Classic Pizza\'', '\'Main-Dish\'',  10.00, '\'Cheese\',\'Tomato\',\'Mozzarella\'', 1111);
INSERT INTO `mydb`.`dish` (`id`, `name`, `category`, `price`, `description`, `menu_id`) VALUES (232, '\'Vegana\'', '\'Main-Dish\'',  12.00, '\'Cheese\',\'Tomato\',\'Mozzarella\',\'Chips\',\'Vegetables\'', 1111);
INSERT INTO `mydb`.`dish` (`id`, `name`, `category`, `price`, `description`, `menu_id`) VALUES (235, '\'Tiramisu\'', '\'Dessert\'',  9.00, '\'Milk\',\'Farina\',\'Eggs\'', 1111);
INSERT INTO `mydb`.`dish` (`id`, `name`, `category`, `price`, `description`, `menu_id`) VALUES (237, '\'Chocolate-Cake\'', '\'Dessert\'', 10.00, '\'Chocolate\',\'Milk\',\'Eggs\',\'Sugar\'', 1111);
INSERT INTO `mydb`.`dish` (`id`, `name`, `category`, `price`, `description`, `menu_id`) VALUES (240, '\'Diavola\'', '\'Main-Dish\'', 10.00, '\'Pom\',Moz\',\'Salame\'', 1123);
INSERT INTO `mydb`.`dish` (`id`, `name`, `category`, `price`, `description`, `menu_id`) VALUES (241, '\'Rucola\'', '\'Main-Dish\'', 13.00, '\'Pom\',\'Moz\',\'Verdura\'', 1123);
INSERT INTO `mydb`.`dish` (`id`, `name`, `category`, `price`, `description`, `menu_id`) VALUES (242, '\'Fruit\'', '\'Dessert\'', 8.00, '\'Ananas\',\'Banana\'', 1123);
INSERT INTO `mydb`.`dish` (`id`, `name`, `category`, `price`, `description`, `menu_id`) VALUES (245, '\'Ice_Cream\'', '\'Dessert\'', 9.00, '\'Ananas\',\'Banana\'', 1123);
INSERT INTO `mydb`.`dish` (`id`, `name`, `category`, `price`, `description`, `menu_id`) VALUES (250, '\'Napoli\'', '\'Main-Dish\'', 11.00, '\'Pom\',\'Moz\',\'Acciughe\'', 1124);
INSERT INTO `mydb`.`dish` (`id`, `name`, `category`, `price`, `description`, `menu_id`) VALUES (251, '\'Viennese\'', '\'Main-Dish\'', 12.00, '\'Cheese\',\'Tomato\',\'Mozzarella\'', 1124);
INSERT INTO `mydb`.`dish` (`id`, `name`, `category`, `price`, `description`, `menu_id`) VALUES (252, '\'Massedouane\'', '\'Dessert\'', 8.00, '\'Mixed_fruits\'', 1124);
INSERT INTO `mydb`.`dish` (`id`, `name`, `category`, `price`, `description`, `menu_id`) VALUES (254, '\'Papaya\'', '\'Dessert\'', 5.00, '\'Fruits\'', 1124);
INSERT INTO `mydb`.`dish` (`id`, `name`, `category`, `price`, `description`, `menu_id`) VALUES (260, '\'Classico\'', '\'Main-Dish\'', 10.00, '\'Cheese\',\'Tomato\',\'Mozzarella\',\'Chips\'', 1125);
INSERT INTO `mydb`.`dish` (`id`, `name`, `category`, `price`, `description`, `menu_id`) VALUES (261, '\'Cotto\'', '\'Main-Dish\'', 11.00, '\'Cheese\',\'Tomato\',\'Chips\'', 1125);
INSERT INTO `mydb`.`dish` (`id`, `name`, `category`, `price`, `description`, `menu_id`) VALUES (262, '\'Cheese_Cake\'', '\'Dessert\'', 9.00, '\'Cheese\',\'Farina\'', 1125);
INSERT INTO `mydb`.`dish` (`id`, `name`, `category`, `price`, `description`, `menu_id`) VALUES (264, '\'Youghurt\'', '\'Dessert\'', 8.00, '\'Milk\'', 1125);

COMMIT;


-- -----------------------------------------------------
-- Data for table `mydb`.`menu`
-- -----------------------------------------------------
START TRANSACTION;
USE `mydb`;
INSERT INTO `mydb`.`menu` (`id`, `date`, `dish_1_id`, `dish_2_id`, `dessert_1_id`, `dessert_2_id`) VALUES (1111, '2017-11-01', 222, 232, 235, 237);
INSERT INTO `mydb`.`menu` (`id`, `date`, `dish_1_id`, `dish_2_id`, `dessert_1_id`, `dessert_2_id`) VALUES (1123, '2017-11-02', 240, 241, 242, 245);
INSERT INTO `mydb`.`menu` (`id`, `date`, `dish_1_id`, `dish_2_id`, `dessert_1_id`, `dessert_2_id`) VALUES (1124, '2017-11-03', 250, 251, 252, 254);
INSERT INTO `mydb`.`menu` (`id`, `date`, `dish_1_id`, `dish_2_id`, `dessert_1_id`, `dessert_2_id`) VALUES (1125, '2017-11-04', 260, 261, 262, 264);

COMMIT;

